7787874,7787875,7787876,7787877,7787878,7787879,7787880,7787881,7787882,7787883,7787884,7787885,7787886,7787887,7787888,7787889,7787890,7787891,7787892,7787893,7787894,7787895,7787896,7787897
7787875,7787876,7787877,7787878,7787879,7787880,7787881,7787882,7787883,7787884,7787885,7787886,7787887,7787888,7787889,7787890,7787891,7787892,7787893,7787894,7787895,7787896,7787897,7787899
7787876,7787877,7787878,7787879,7787880,7787881,7787882,7787883,7787884,7787885,7787886,7787887,7787888,7787889,7787890,7787891,7787892,7787893,7787894,7787895,7787896,7787897,7787898,7787900
7787877,7787878,7787879,7787880,7787881,7787882,7787883,7787884,7787885,7787886,7787887,7787888,7787889,7787890,7787891,7787892,7787893,7787894,7787895,7787896,7787897,7787898,7787899,7787901
7787878,7787879,7787880,7787881,7787882,7787883,7787884,7787885,7787886,7787887,7787888,7787889,7787890,7787891,7787892,7787893,7787894,7787895,7787896,7787897,7787898,7787899,7787900,7787902
7787879,7787880,7787881,7787882,7787883,7787884,7787885,7787886,7787887,7787888,7787889,7787890,7787891,7787892,7787893,7787894,7787895,7787896,7787897,7787898,7787899,7787900,7787901,7787903
7787880,7787881,7787882,7787883,7787884,7787885,7787886,7787887,7787888,7787889,7787890,7787891,7787892,7787893,7787894,7787895,7787896,7787897,7787898,7787899,7787900,7787901,7787902,7787904
7787881,7787882,7787883,7787884,7787885,7787886,7787887,7787888,7787889,7787890,7787891,7787892,7787893,7787894,7787895,7787896,7787897,7787898,7787899,7787900,7787901,7787902,7787903,7787905
7787882,7787883,7787884,7787885,7787886,7787887,7787888,7787889,7787890,7787891,7787892,7787893,7787894,7787895,7787896,7787897,7787898,7787899,7787900,7787901,7787902,7787903,7787904,7787906
7787883,7787884,7787885,7787886,7787887,7787888,7787889,7787890,7787891,7787892,7787893,7787894,7787895,7787896,7787897,7787898,7787899,7787900,7787901,7787902,7787903,7787904,7787905,7787907
7787884,7787885,7787886,7787887,7787888,7787889,7787890,7787891,7787892,7787893,7787894,7787895,7787896,7787897,7787898,7787899,7787900,7787901,7787902,7787903,7787904,7787905,7787906,7787908
7787885,7787886,7787887,7787888,7787889,7787890,7787891,7787892,7787893,7787894,7787895,7787896,7787897,7787898,7787899,7787900,7787901,7787902,7787903,7787904,7787905,7787906,7787907,7787909
7787886,7787887,7787888,7787889,7787890,7787891,7787892,7787893,7787894,7787895,7787896,7787897,7787898,7787899,7787900,7787901,7787902,7787903,7787904,7787905,7787906,7787907,7787908,7787910
7787887,7787888,7787889,7787890,7787891,7787892,7787893,7787894,7787895,7787896,7787897,7787898,7787899,7787900,7787901,7787902,7787903,7787904,7787905,7787906,7787907,7787908,7787909,7787911
7787888,7787889,7787890,7787891,7787892,7787893,7787894,7787895,7787896,7787897,7787898,7787899,7787900,7787901,7787902,7787903,7787904,7787905,7787906,7787907,7787908,7787909,7787910,7787912
7787889,7787890,7787891,7787892,7787893,7787894,7787895,7787896,7787897,7787898,7787899,7787900,7787901,7787902,7787903,7787904,7787905,7787906,7787907,7787908,7787909,7787910,7787911,7787913
7787890,7787891,7787892,7787893,7787894,7787895,7787896,7787897,7787898,7787899,7787900,7787901,7787902,7787903,7787904,7787905,7787906,7787907,7787908,7787909,7787910,7787911,7787912,7787914
7787891,7787892,7787893,7787894,7787895,7787896,7787897,7787898,7787899,7787900,7787901,7787902,7787903,7787904,7787905,7787906,7787907,7787908,7787909,7787910,7787911,7787912,7787913,7787915
7787892,7787893,7787894,7787895,7787896,7787897,7787898,7787899,7787900,7787901,7787902,7787903,7787904,7787905,7787906,7787907,7787908,7787909,7787910,7787911,7787912,7787913,7787914,7787916
7787893,7787894,7787895,7787896,7787897,7787898,7787899,7787900,7787901,7787902,7787903,7787904,7787905,7787906,7787907,7787908,7787909,7787910,7787911,7787912,7787913,7787914,7787915,7787917
7787894,7787895,7787896,7787897,7787898,7787899,7787900,7787901,7787902,7787903,7787904,7787905,7787906,7787907,7787908,7787909,7787910,7787911,7787912,7787913,7787914,7787915,7787916,7787918
7787895,7787896,7787897,7787898,7787899,7787900,7787901,7787902,7787903,7787904,7787905,7787906,7787907,7787908,7787909,7787910,7787911,7787912,7787913,7787914,7787915,7787916,7787917,7787919
7787896,7787897,7787898,7787899,7787900,7787901,7787902,7787903,7787904,7787905,7787906,7787907,7787908,7787909,7787910,7787911,7787912,7787913,7787914,7787915,7787916,7787917,7787918,7787920
7787897,7787898,7787899,7787900,7787901,7787902,7787903,7787904,7787905,7787906,7787907,7787908,7787909,7787910,7787911,7787912,7787913,7787914,7787915,7787916,7787917,7787918,7787919,7787921
7787898,7787899,7787900,7787901,7787902,7787903,7787904,7787905,7787906,7787907,7787908,7787909,7787910,7787911,7787912,7787913,7787914,7787915,7787916,7787917,7787918,7787919,7787920,7787922
7787899,7787900,7787901,7787902,7787903,7787904,7787905,7787906,7787907,7787908,7787909,7787910,7787911,7787912,7787913,7787914,7787915,7787916,7787917,7787918,7787919,7787920,7787921,7787923
7787900,7787901,7787902,7787903,7787904,7787905,7787906,7787907,7787908,7787909,7787910,7787911,7787912,7787913,7787914,7787915,7787916,7787917,7787918,7787919,7787920,7787921,7787922,7787924
7787901,7787902,7787903,7787904,7787905,7787906,7787907,7787908,7787909,7787910,7787911,7787912,7787913,7787914,7787915,7787916,7787917,7787918,7787919,7787920,7787921,7787922,7787923,7787925
7787902,7787903,7787904,7787905,7787906,7787907,7787908,7787909,7787910,7787911,7787912,7787913,7787914,7787915,7787916,7787917,7787918,7787919,7787920,7787921,7787922,7787923,7787924,7787926
7787903,7787904,7787905,7787906,7787907,7787908,7787909,7787910,7787911,7787912,7787913,7787914,7787915,7787916,7787917,7787918,7787919,7787920,7787921,7787922,7787923,7787924,7787925,7787927
7787904,7787905,7787906,7787907,7787908,7787909,7787910,7787911,7787912,7787913,7787914,7787915,7787916,7787917,7787918,7787919,7787920,7787921,7787922,7787923,7787924,7787925,7787926,7787928
7787905,7787906,7787907,7787908,7787909,7787910,7787911,7787912,7787913,7787914,7787915,7787916,7787917,7787918,7787919,7787920,7787921,7787922,7787923,7787924,7787925,7787926,7787927,7787929
7787906,7787907,7787908,7787909,7787910,7787911,7787912,7787913,7787914,7787915,7787916,7787917,7787918,7787919,7787920,7787921,7787922,7787923,7787924,7787925,7787926,7787927,7787928,7787930
7787907,7787908,7787909,7787910,7787911,7787912,7787913,7787914,7787915,7787916,7787917,7787918,7787919,7787920,7787921,7787922,7787923,7787924,7787925,7787926,7787927,7787928,7787929,7787931
7787908,7787909,7787910,7787911,7787912,7787913,7787914,7787915,7787916,7787917,7787918,7787919,7787920,7787921,7787922,7787923,7787924,7787925,7787926,7787927,7787928,7787929,7787930,7787932
7787909,7787910,7787911,7787912,7787913,7787914,7787915,7787916,7787917,7787918,7787919,7787920,7787921,7787922,7787923,7787924,7787925,7787926,7787927,7787928,7787929,7787930,7787931,7787933
7787910,7787911,7787912,7787913,7787914,7787915,7787916,7787917,7787918,7787919,7787920,7787921,7787922,7787923,7787924,7787925,7787926,7787927,7787928,7787929,7787930,7787931,7787932,7787934
7787911,7787912,7787913,7787914,7787915,7787916,7787917,7787918,7787919,7787920,7787921,7787922,7787923,7787924,7787925,7787926,7787927,7787928,7787929,7787930,7787931,7787932,7787933,7787935
7787912,7787913,7787914,7787915,7787916,7787917,7787918,7787919,7787920,7787921,7787922,7787923,7787924,7787925,7787926,7787927,7787928,7787929,7787930,7787931,7787932,7787933,7787934,7787936
7787913,7787914,7787915,7787916,7787917,7787918,7787919,7787920,7787921,7787922,7787923,7787924,7787925,7787926,7787927,7787928,7787929,7787930,7787931,7787932,7787933,7787934,7787935,7787937
7787914,7787915,7787916,7787917,7787918,7787919,7787920,7787921,7787922,7787923,7787924,7787925,7787926,7787927,7787928,7787929,7787930,7787931,7787932,7787933,7787934,7787935,7787936,7787938
7787915,7787916,7787917,7787918,7787919,7787920,7787921,7787922,7787923,7787924,7787925,7787926,7787927,7787928,7787929,7787930,7787931,7787932,7787933,7787934,7787935,7787936,7787937,7787939
7787916,7787917,7787918,7787919,7787920,7787921,7787922,7787923,7787924,7787925,7787926,7787927,7787928,7787929,7787930,7787931,7787932,7787933,7787934,7787935,7787936,7787937,7787938,7787940
7787917,7787918,7787919,7787920,7787921,7787922,7787923,7787924,7787925,7787926,7787927,7787928,7787929,7787930,7787931,7787932,7787933,7787934,7787935,7787936,7787937,7787938,7787939,7787941
7787918,7787919,7787920,7787921,7787922,7787923,7787924,7787925,7787926,7787927,7787928,7787929,7787930,7787931,7787932,7787933,7787934,7787935,7787936,7787937,7787938,7787939,7787940,7787942
7787919,7787920,7787921,7787922,7787923,7787924,7787925,7787926,7787927,7787928,7787929,7787930,7787931,7787932,7787933,7787934,7787935,7787936,7787937,7787938,7787939,7787940,7787941,7787943
7787920,7787921,7787922,7787923,7787924,7787925,7787926,7787927,7787928,7787929,7787930,7787931,7787932,7787933,7787934,7787935,7787936,7787937,7787938,7787939,7787940,7787941,7787942,7787944
7787921,7787922,7787923,7787924,7787925,7787926,7787927,7787928,7787929,7787930,7787931,7787932,7787933,7787934,7787935,7787936,7787937,7787938,7787939,7787940,7787941,7787942,7787943,7787945
7787922,7787923,7787924,7787925,7787926,7787927,7787928,7787929,7787930,7787931,7787932,7787933,7787934,7787935,7787936,7787937,7787938,7787939,7787940,7787941,7787942,7787943,7787944,7787946
7787923,7787924,7787925,7787926,7787927,7787928,7787929,7787930,7787931,7787932,7787933,7787934,7787935,7787936,7787937,7787938,7787939,7787940,7787941,7787942,7787943,7787944,7787945,7787947
7787924,7787925,7787926,7787927,7787928,7787929,7787930,7787931,7787932,7787933,7787934,7787935,7787936,7787937,7787938,7787939,7787940,7787941,7787942,7787943,7787944,7787945,7787946,7787948
7787925,7787926,7787927,7787928,7787929,7787930,7787931,7787932,7787933,7787934,7787935,7787936,7787937,7787938,7787939,7787940,7787941,7787942,7787943,7787944,7787945,7787946,7787947,7787949
7787926,7787927,7787928,7787929,7787930,7787931,7787932,7787933,7787934,7787935,7787936,7787937,7787938,7787939,7787940,7787941,7787942,7787943,7787944,7787945,7787946,7787947,7787948,7787950
7787927,7787928,7787929,7787930,7787931,7787932,7787933,7787934,7787935,7787936,7787937,7787938,7787939,7787940,7787941,7787942,7787943,7787944,7787945,7787946,7787947,7787948,7787949,7787951
7787928,7787929,7787930,7787931,7787932,7787933,7787934,7787935,7787936,7787937,7787938,7787939,7787940,7787941,7787942,7787943,7787944,7787945,7787946,7787947,7787948,7787949,7787950,7787952
7787929,7787930,7787931,7787932,7787933,7787934,7787935,7787936,7787937,7787938,7787939,7787940,7787941,7787942,7787943,7787944,7787945,7787946,7787947,7787948,7787949,7787950,7787951,7787953
7787930,7787931,7787932,7787933,7787934,7787935,7787936,7787937,7787938,7787939,7787940,7787941,7787942,7787943,7787944,7787945,7787946,7787947,7787948,7787949,7787950,7787951,7787952,7787954
7787931,7787932,7787933,7787934,7787935,7787936,7787937,7787938,7787939,7787940,7787941,7787942,7787943,7787944,7787945,7787946,7787947,7787948,7787949,7787950,7787951,7787952,7787953,7787955
7787932,7787933,7787934,7787935,7787936,7787937,7787938,7787939,7787940,7787941,7787942,7787943,7787944,7787945,7787946,7787947,7787948,7787949,7787950,7787951,7787952,7787953,7787954,7787956
7787933,7787934,7787935,7787936,7787937,7787938,7787939,7787940,7787941,7787942,7787943,7787944,7787945,7787946,7787947,7787948,7787949,7787950,7787951,7787952,7787953,7787954,7787955,7787957
7787934,7787935,7787936,7787937,7787938,7787939,7787940,7787941,7787942,7787943,7787944,7787945,7787946,7787947,7787948,7787949,7787950,7787951,7787952,7787953,7787954,7787955,7787956,7787958
7787935,8138285,8061364,7788171,7793763,7665261,7682048,7607101,7634298,7543148,7470917,7406318,7374893,7387115,7288707,7276610,7370670,7293144,7349994,7209934,7247312,7325399,7274082,7787952
,,,,,,,,,,,,,,,,,,,,,,,
,,,,,,,,,,,,,,,,,,,,,,,
,,,,,,,,,,,,,,,,,,,,,,,
,,,,,,,,,,,,,,,,,,,,,,,
,,,,,,,,,,,,,,,,,,,,,,,
,,,,,,,,,,,,,,,,,,,,,,,
,,,,,,,,,,,,,,,,,,,,,,,
,,,,,,,,,,,,,,,,,,,,,,,
,,,,,,,,,,,,,,,,,,,,,,,
,,,,,,,,,,,,,,,,,,,,,,,
,,,,,,,,,,,,,,,,,,,,,,,
,,,,,,,,,,,,,,,,,,,,,,,
,,,,,,,,,,,,,,,,,,,,,,,
,,,,,,,,,,,,,,,,,,,,,,,
,,,,,,,,,,,,,,,,,,,,,,,
,,,,,,,,,,,,,,,,,,,,,,,
,,,,,,,,,,,,,,,,,,,,,,,
,,,,,,,,,,,,,,,,,,,,,,,
,,,,,,,,,,,,,,,,,,,,,,,
,,,,,,,,,,,,,,,,,,,,,,,
,,,,,,,,,,,,,,,,,,,,,,,
,,,,,,,,,,,,,,,,,,,,,,,
,,,,,,,,,,,,,,,,,,,,,,,
,,,,,,,,,,,,,,,,,,,,,,,
,,,,,,,,,,,,,,,,,,,,,,,
,,,,,,,,,,,,,,,,,,,,,,,
,,,,,,,,,,,,,,,,,,,,,,,
,,,,,,,,,,,,,,,,,,,,,,,
,,,,,,,,,,,,,,,,,,,,,,,
,,,,,,,,,,,,,,,,,,,,,,,
,,,,,,,,,,,,,,,,,,,,,,,
,,,,,,,,,,,,,,,,,,,,,,,
,,,,,,,,,,,,,,,,,,,,,,,
,,,,,,,,,,,,,,,,,,,,,,,
,,,,,,,,,,,,,,,,,,,,,,,
,,,,,,,,,,,,,,,,,,,,,,,
,,,,,,,,,,,,,,,,,,,,,,,
,,,,,,,,,,,,,,,,,,,,,,,
,,,,,,,,,,,,,,,,,,,,,,,
,,,,,,,,,,,,,,,,,,,,,,,
,,,,,,,,,,,,,,,,,,,,,,,
,,,,,,,,,,,,,,,,,,,,,,,
,,,,,,,,,,,,,,,,,,,,,,,
,,,,,,,,,,,,,,,,,,,,,,,
,,,,,,,,,,,,,,,,,,,,,,,
,,,,,,,,,,,,,,,,,,,,,,,
,,,,,,,,,,,,,,,,,,,,,,,
,,,,,,,,,,,,,,,,,,,,,,,
,,,,,,,,,,,,,,,,,,,,,,,
,,,,,,,,,,,,,,,,,,,,,,,
,,,,,,,,,,,,,,,,,,,,,,,
,,,,,,,,,,,,,,,,,,,,,,,
,,,,,,,,,,,,,,,,,,,,,,,
,,,,,,,,,,,,,,,,,,,,,,,
,,,,,,,,,,,,,,,,,,,,,,,
,,,,,,,,,,,,,,,,,,,,,,,
,,,,,,,,,,,,,,,,,,,,,,,
,,,,,,,,,,,,,,,,,,,,,,,
,,,,,,,,,,,,,,,,,,,,,,,
,,,,,,,,,,,,,,,,,,,,,,,
,,,,,,,,,,,,,,,,,,,,,,,
,,,,,,,,,,,,,,,,,,,,,,,
,,,,,,,,,,,,,,,,,,,,,,,
,,,,,,,,,,,,,,,,,,,,,,,
,,,,,,,,,,,,,,,,,,,,,,,
,,,,,,,,,,,,,,,,,,,,,,,
,,,,,,,,,,,,,,,,,,,,,,,
,,,,,,,,,,,,,,,,,,,,,,,
,,,,,,,,,,,,,,,,,,,,,,,
,,,,,,,,,,,,,,,,,,,,,,,
,,,,,,,,,,,,,,,,,,,,,,,
,,,,,,,,,,,,,,,,,,,,,,,
